10	1610612745	1610612744	Rockets	Warriors
10	1610612748	1610612766	Heat	Hornets
10	1610612739	1610612754	Cavaliers	Pacers
9	1610612744	1610612745	Warriors	Rockets
9	1610612738	1610612755	Celtics	76ers
9	1610612761	1610612739	Raptors	Cavaliers
9	1610612746	1610612757	Clippers	Trail Blazers
8	1610612762	1610612760	Jazz	Thunder
8	1610612760	1610612742	Thunder	Mavericks
8	1610612739	1610612761	Cavaliers	Raptors
8	1610612761	1610612754	Raptors	Pacers
8	1610612761	1610612764	Raptors	Wizards
8	1610612761	1610612748	Raptors	Heat
8	1610612738	1610612749	Celtics	Bucks
8	1610612744	1610612760	Warriors	Thunder
8	1610612739	1610612737	Cavaliers	Hawks
7	1610612760	1610612759	Thunder	Spurs
7	1610612749	1610612738	Bucks	Celtics
7	1610612738	1610612737	Celtics	Hawks
7	1610612755	1610612748	76ers	Heat
7	1610612744	1610612740	Warriors	Pelicans
7	1610612759	1610612760	Spurs	Thunder
7	1610612764	1610612761	Wizards	Raptors
7	1610612738	1610612739	Celtics	Cavaliers
7	1610612766	1610612748	Hornets	Heat
7	1610612760	1610612762	Thunder	Jazz
7	1610612737	1610612738	Hawks	Celtics
7	1610612744	1610612759	Warriors	Spurs
7	1610612744	1610612739	Warriors	Cavaliers
7	1610612754	1610612739	Pacers	Cavaliers
7	1610612745	1610612762	Rockets	Jazz
7	1610612757	1610612746	Trail Blazers	Clippers
7	1610612757	1610612744	Trail Blazers	Warriors
7	1610612754	1610612761	Pacers	Raptors
7	1610612755	1610612738	76ers	Celtics
7	1610612739	1610612744	Cavaliers	Warriors
7	1610612745	1610612750	Rockets	Timberwolves
6	1610612749	1610612765	Bucks	Pistons
6	1610612748	1610612764	Heat	Wizards
6	1610612756	1610612762	Suns	Jazz
6	1610612740	1610612757	Pelicans	Trail Blazers
6	1610612763	1610612759	Grizzlies	Spurs
6	1610612753	1610612748	Magic	Heat
6	1610612758	1610612757	Kings	Trail Blazers
6	1610612748	1610612755	Heat	76ers
6	1610612742	1610612760	Mavericks	Thunder
6	1610612757	1610612740	Trail Blazers	Pelicans
6	1610612748	1610612761	Heat	Raptors
6	1610612739	1610612738	Cavaliers	Celtics
6	1610612741	1610612749	Bulls	Bucks
6	1610612760	1610612744	Thunder	Warriors
6	1610612764	1610612752	Wizards	Knicks
6	1610612765	1610612739	Pistons	Cavaliers
6	1610612758	1610612759	Kings	Spurs
6	1610612765	1610612754	Pistons	Pacers
6	1610612763	1610612745	Grizzlies	Rockets
6	1610612747	1610612758	Lakers	Kings
6	1610612747	1610612762	Lakers	Jazz
6	1610612759	1610612763	Spurs	Grizzlies
6	1610612759	1610612744	Spurs	Warriors
6	1610612747	1610612743	Lakers	Nuggets
6	1610612739	1610612765	Cavaliers	Pistons
6	1610612747	1610612744	Lakers	Warriors
6	1610612762	1610612745	Jazz	Rockets
6	1610612765	1610612737	Pistons	Hawks
6	1610612751	1610612755	Nets	76ers
6	1610612744	1610612757	Warriors	Trail Blazers
5	1610612740	1610612744	Pelicans	Warriors
5	1610612740	1610612758	Pelicans	Kings
5	1610612756	1610612758	Suns	Kings
5	1610612737	1610612748	Hawks	Heat
5	1610612738	1610612752	Celtics	Knicks
5	1610612762	1610612757	Jazz	Trail Blazers
5	1610612739	1610612741	Cavaliers	Bulls
5	1610612759	1610612743	Spurs	Nuggets
5	1610612746	1610612744	Clippers	Warriors
5	1610612750	1610612745	Timberwolves	Rockets
5	1610612751	1610612752	Nets	Knicks
5	1610612754	1610612753	Pacers	Magic
5	1610612760	1610612745	Thunder	Rockets
5	1610612763	1610612740	Grizzlies	Pelicans
5	1610612756	1610612745	Suns	Rockets
5	1610612752	1610612738	Knicks	Celtics
5	1610612764	1610612755	Wizards	76ers
5	1610612745	1610612742	Rockets	Mavericks
5	1610612737	1610612739	Hawks	Cavaliers
5	1610612762	1610612743	Jazz	Nuggets
5	1610612744	1610612758	Warriors	Kings
5	1610612748	1610612753	Heat	Magic
5	1610612749	1610612754	Bucks	Pacers
5	1610612765	1610612766	Pistons	Hornets
5	1610612741	1610612761	Bulls	Raptors
5	1610612744	1610612743	Warriors	Nuggets
5	1610612738	1610612751	Celtics	Nets
5	1610612746	1610612758	Clippers	Kings
5	1610612748	1610612737	Heat	Hawks
5	1610612750	1610612760	Timberwolves	Thunder
5	1610612743	1610612760	Nuggets	Thunder
5	1610612766	1610612752	Hornets	Knicks
5	1610612746	1610612747	Clippers	Lakers
5	1610612752	1610612751	Knicks	Nets
5	1610612765	1610612751	Pistons	Nets
5	1610612757	1610612758	Trail Blazers	Kings
5	1610612739	1610612749	Cavaliers	Bucks
5	1610612753	1610612739	Magic	Cavaliers
5	1610612759	1610612756	Spurs	Suns
5	1610612763	1610612760	Grizzlies	Thunder
5	1610612754	1610612766	Pacers	Hornets
5	1610612760	1610612743	Thunder	Nuggets
5	1610612755	1610612764	76ers	Wizards
5	1610612741	1610612765	Bulls	Pistons
5	1610612751	1610612738	Nets	Celtics
5	1610612753	1610612766	Magic	Hornets
5	1610612759	1610612745	Spurs	Rockets
5	1610612757	1610612762	Trail Blazers	Jazz
5	1610612746	1610612743	Clippers	Nuggets
5	1610612751	1610612748	Nets	Heat
5	1610612764	1610612739	Wizards	Cavaliers
5	1610612756	1610612757	Suns	Trail Blazers
5	1610612766	1610612741	Hornets	Bulls
5	1610612741	1610612754	Bulls	Pacers
5	1610612755	1610612739	76ers	Cavaliers
5	1610612762	1610612756	Jazz	Suns
5	1610612745	1610612740	Rockets	Pelicans
5	1610612743	1610612756	Nuggets	Suns
5	1610612752	1610612755	Knicks	76ers
5	1610612742	1610612756	Mavericks	Suns
5	1610612742	1610612743	Mavericks	Nuggets
5	1610612749	1610612764	Bucks	Wizards
5	1610612745	1610612759	Rockets	Spurs
5	1610612755	1610612751	76ers	Nets
5	1610612754	1610612765	Pacers	Pistons
4	1610612749	1610612755	Bucks	76ers
4	1610612753	1610612741	Magic	Bulls
4	1610612761	1610612751	Raptors	Nets
4	1610612761	1610612765	Raptors	Pistons
4	1610612738	1610612766	Celtics	Hornets
4	1610612754	1610612741	Pacers	Bulls
4	1610612737	1610612763	Hawks	Grizzlies
4	1610612755	1610612752	76ers	Knicks
4	1610612742	1610612763	Mavericks	Grizzlies
4	1610612739	1610612751	Cavaliers	Nets
4	1610612764	1610612766	Wizards	Hornets
4	1610612750	1610612746	Timberwolves	Clippers
4	1610612750	1610612756	Timberwolves	Suns
4	1610612748	1610612751	Heat	Nets
4	1610612753	1610612749	Magic	Bucks
4	1610612764	1610612738	Wizards	Celtics
4	1610612756	1610612759	Suns	Spurs
4	1610612766	1610612749	Hornets	Bucks
4	1610612757	1610612763	Trail Blazers	Grizzlies
4	1610612746	1610612742	Clippers	Mavericks
4	1610612741	1610612764	Bulls	Wizards
4	1610612744	1610612762	Warriors	Jazz
4	1610612764	1610612754	Wizards	Pacers
4	1610612762	1610612746	Jazz	Clippers
4	1610612763	1610612743	Grizzlies	Nuggets
4	1610612742	1610612750	Mavericks	Timberwolves
4	1610612740	1610612763	Pelicans	Grizzlies
4	1610612764	1610612737	Wizards	Hawks
4	1610612743	1610612759	Nuggets	Spurs
4	1610612739	1610612752	Cavaliers	Knicks
4	1610612750	1610612744	Timberwolves	Warriors
4	1610612745	1610612747	Rockets	Lakers
4	1610612737	1610612764	Hawks	Wizards
4	1610612748	1610612765	Heat	Pistons
4	1610612758	1610612746	Kings	Clippers
4	1610612740	1610612762	Pelicans	Jazz
4	1610612752	1610612761	Knicks	Raptors
4	1610612751	1610612761	Nets	Raptors
4	1610612743	1610612747	Nuggets	Lakers
4	1610612739	1610612753	Cavaliers	Magic
4	1610612742	1610612744	Mavericks	Warriors
4	1610612743	1610612744	Nuggets	Warriors
4	1610612744	1610612763	Warriors	Grizzlies
4	1610612743	1610612750	Nuggets	Timberwolves
4	1610612753	1610612764	Magic	Wizards
4	1610612750	1610612762	Timberwolves	Jazz
4	1610612765	1610612738	Pistons	Celtics
4	1610612752	1610612749	Knicks	Bucks
4	1610612758	1610612742	Kings	Mavericks
4	1610612744	1610612750	Warriors	Timberwolves
4	1610612764	1610612748	Wizards	Heat
4	1610612765	1610612764	Pistons	Wizards
4	1610612759	1610612758	Spurs	Kings
4	1610612761	1610612741	Raptors	Bulls
4	1610612737	1610612753	Hawks	Magic
4	1610612738	1610612761	Celtics	Raptors
4	1610612761	1610612752	Raptors	Knicks
4	1610612761	1610612749	Raptors	Bucks
4	1610612743	1610612763	Nuggets	Grizzlies
4	1610612762	1610612750	Jazz	Timberwolves
4	1610612758	1610612744	Kings	Warriors
4	1610612752	1610612737	Knicks	Hawks
4	1610612760	1610612746	Thunder	Clippers
4	1610612756	1610612744	Suns	Warriors
4	1610612757	1610612756	Trail Blazers	Suns
4	1610612748	1610612752	Heat	Knicks
4	1610612738	1610612764	Celtics	Wizards
4	1610612760	1610612740	Thunder	Pelicans
4	1610612755	1610612766	76ers	Hornets
4	1610612753	1610612737	Magic	Hawks
4	1610612752	1610612748	Knicks	Heat
4	1610612743	1610612742	Nuggets	Mavericks
4	1610612757	1610612760	Trail Blazers	Thunder
4	1610612755	1610612753	76ers	Magic
4	1610612740	1610612750	Pelicans	Timberwolves
4	1610612747	1610612745	Lakers	Rockets
4	1610612765	1610612748	Pistons	Heat
4	1610612746	1610612745	Clippers	Rockets
4	1610612743	1610612762	Nuggets	Jazz
4	1610612740	1610612742	Pelicans	Mavericks
4	1610612757	1610612750	Trail Blazers	Timberwolves
4	1610612747	1610612742	Lakers	Mavericks
4	1610612760	1610612750	Thunder	Timberwolves
4	1610612749	1610612752	Bucks	Knicks
4	1610612763	1610612742	Grizzlies	Mavericks
4	1610612766	1610612753	Hornets	Magic
4	1610612754	1610612738	Pacers	Celtics
4	1610612766	1610612739	Hornets	Cavaliers
4	1610612756	1610612740	Suns	Pelicans
4	1610612746	1610612756	Clippers	Suns
4	1610612746	1610612740	Clippers	Pelicans
4	1610612760	1610612757	Thunder	Trail Blazers
4	1610612740	1610612746	Pelicans	Clippers
4	1610612740	1610612759	Pelicans	Spurs
4	1610612737	1610612765	Hawks	Pistons
4	1610612747	1610612763	Lakers	Grizzlies
4	1610612744	1610612756	Warriors	Suns
4	1610612764	1610612753	Wizards	Magic
4	1610612753	1610612751	Magic	Nets
4	1610612747	1610612746	Lakers	Clippers
4	1610612754	1610612751	Pacers	Nets
4	1610612762	1610612747	Jazz	Lakers
4	1610612758	1610612747	Kings	Lakers
4	1610612753	1610612761	Magic	Raptors
4	1610612754	1610612749	Pacers	Bucks
4	1610612745	1610612757	Rockets	Trail Blazers
4	1610612738	1610612754	Celtics	Pacers
4	1610612763	1610612758	Grizzlies	Kings
4	1610612766	1610612751	Hornets	Nets
4	1610612761	1610612755	Raptors	76ers
4	1610612766	1610612764	Hornets	Wizards
4	1610612757	1610612745	Trail Blazers	Rockets
4	1610612750	1610612742	Timberwolves	Mavericks
4	1610612766	1610612755	Hornets	76ers
4	1610612749	1610612739	Bucks	Cavaliers
4	1610612762	1610612740	Jazz	Pelicans
4	1610612761	1610612737	Raptors	Hawks
4	1610612743	1610612758	Nuggets	Kings
4	1610612761	1610612738	Raptors	Celtics
4	1610612766	1610612738	Hornets	Celtics
4	1610612748	1610612754	Heat	Pacers
4	1610612750	1610612740	Timberwolves	Pelicans
4	1610612752	1610612766	Knicks	Hornets
4	1610612759	1610612746	Spurs	Clippers
4	1610612758	1610612740	Kings	Pelicans
4	1610612759	1610612762	Spurs	Jazz
4	1610612752	1610612741	Knicks	Bulls
4	1610612749	1610612753	Bucks	Magic
4	1610612747	1610612756	Lakers	Suns
4	1610612741	1610612739	Bulls	Cavaliers
4	1610612752	1610612739	Knicks	Cavaliers
4	1610612749	1610612741	Bucks	Bulls
4	1610612744	1610612747	Warriors	Lakers
4	1610612761	1610612766	Raptors	Hornets
4	1610612737	1610612741	Hawks	Bulls
4	1610612752	1610612765	Knicks	Pistons
4	1610612754	1610612748	Pacers	Heat
4	1610612751	1610612764	Nets	Wizards
4	1610612761	1610612746	Raptors	Clippers
4	1610612741	1610612748	Bulls	Heat
4	1610612751	1610612739	Nets	Cavaliers
4	1610612750	1610612758	Timberwolves	Kings
4	1610612758	1610612762	Kings	Jazz
4	1610612765	1610612755	Pistons	76ers
4	1610612744	1610612746	Warriors	Clippers
4	1610612745	1610612763	Rockets	Grizzlies
4	1610612756	1610612763	Suns	Grizzlies
4	1610612762	1610612759	Jazz	Spurs
4	1610612747	1610612757	Lakers	Trail Blazers
4	1610612746	1610612750	Clippers	Timberwolves
4	1610612743	1610612757	Nuggets	Trail Blazers
4	1610612759	1610612742	Spurs	Mavericks
4	1610612763	1610612756	Grizzlies	Suns
4	1610612742	1610612740	Mavericks	Pelicans
4	1610612763	1610612757	Grizzlies	Trail Blazers
4	1610612741	1610612755	Bulls	76ers
4	1610612747	1610612759	Lakers	Spurs
4	1610612763	1610612747	Grizzlies	Lakers
4	1610612765	1610612741	Pistons	Bulls
4	1610612742	1610612759	Mavericks	Spurs
4	1610612747	1610612750	Lakers	Timberwolves
4	1610612750	1610612757	Timberwolves	Trail Blazers
4	1610612739	1610612755	Cavaliers	76ers
4	1610612742	1610612758	Mavericks	Kings
4	1610612740	1610612745	Pelicans	Rockets
4	1610612739	1610612764	Cavaliers	Wizards
4	1610612741	1610612752	Bulls	Knicks
4	1610612737	1610612761	Hawks	Raptors
4	1610612756	1610612746	Suns	Clippers
4	1610612740	1610612747	Pelicans	Lakers
4	1610612766	1610612737	Hornets	Hawks
4	1610612760	1610612747	Thunder	Lakers
4	1610612754	1610612752	Pacers	Knicks
4	1610612765	1610612749	Pistons	Bucks
4	1610612748	1610612741	Heat	Bulls
4	1610612759	1610612740	Spurs	Pelicans
4	1610612751	1610612765	Nets	Pistons
4	1610612752	1610612753	Knicks	Magic
4	1610612738	1610612741	Celtics	Bulls
4	1610612750	1610612743	Timberwolves	Nuggets
4	1610612741	1610612740	Bulls	Pelicans
4	1610612747	1610612760	Lakers	Thunder
4	1610612751	1610612753	Nets	Magic
4	1610612744	1610612742	Warriors	Mavericks
4	1610612737	1610612754	Hawks	Pacers
4	1610612741	1610612766	Bulls	Hornets
4	1610612757	1610612743	Trail Blazers	Nuggets
4	1610612756	1610612750	Suns	Timberwolves
4	1610612758	1610612760	Kings	Thunder
4	1610612764	1610612749	Wizards	Bucks
4	1610612758	1610612745	Kings	Rockets
4	1610612762	1610612744	Jazz	Warriors
4	1610612737	1610612751	Hawks	Nets
4	1610612755	1610612761	76ers	Raptors
4	1610612758	1610612756	Kings	Suns
4	1610612763	1610612750	Grizzlies	Timberwolves
4	1610612750	1610612763	Timberwolves	Grizzlies
4	1610612742	1610612745	Mavericks	Rockets
4	1610612751	1610612754	Nets	Pacers
4	1610612754	1610612737	Pacers	Hawks
4	1610612738	1610612753	Celtics	Magic
4	1610612753	1610612738	Magic	Celtics
4	1610612765	1610612761	Pistons	Raptors
4	1610612737	1610612766	Hawks	Hornets
4	1610612764	1610612765	Wizards	Pistons
4	1610612756	1610612747	Suns	Lakers
4	1610612755	1610612754	76ers	Pacers
4	1610612760	1610612758	Thunder	Kings
4	1610612746	1610612763	Clippers	Grizzlies
4	1610612749	1610612766	Bucks	Hornets
4	1610612755	1610612765	76ers	Pistons
4	1610612745	1610612746	Rockets	Clippers
3	1610612763	1610612744	Grizzlies	Warriors
3	1610612742	1610612747	Mavericks	Lakers
3	1610612742	1610612746	Mavericks	Clippers
3	1610612749	1610612748	Bucks	Heat
3	1610612752	1610612745	Knicks	Rockets
3	1610612759	1610612753	Spurs	Magic
3	1610612753	1610612752	Magic	Knicks
3	1610612754	1610612740	Pacers	Pelicans
3	1610612755	1610612737	76ers	Hawks
3	1610612763	1610612762	Grizzlies	Jazz
3	1610612740	1610612737	Pelicans	Hawks
3	1610612756	1610612760	Suns	Thunder
3	1610612762	1610612763	Jazz	Grizzlies
3	1610612750	1610612759	Timberwolves	Spurs
3	1610612739	1610612748	Cavaliers	Heat
3	1610612737	1610612755	Hawks	76ers
3	1610612759	1610612750	Spurs	Timberwolves
3	1610612751	1610612741	Nets	Bulls
3	1610612758	1610612743	Kings	Nuggets
3	1610612755	1610612763	76ers	Grizzlies
3	1610612740	1610612760	Pelicans	Thunder
3	1610612748	1610612759	Heat	Spurs
3	1610612759	1610612757	Spurs	Trail Blazers
3	1610612753	1610612740	Magic	Pelicans
3	1610612755	1610612749	76ers	Bucks
3	1610612763	1610612746	Grizzlies	Clippers
3	1610612743	1610612745	Nuggets	Rockets
3	1610612745	1610612758	Rockets	Kings
3	1610612740	1610612743	Pelicans	Nuggets
3	1610612751	1610612737	Nets	Hawks
3	1610612745	1610612756	Rockets	Suns
3	1610612753	1610612742	Magic	Mavericks
3	1610612746	1610612766	Clippers	Hornets
3	1610612741	1610612753	Bulls	Magic
3	1610612757	1610612759	Trail Blazers	Spurs
3	1610612738	1610612748	Celtics	Heat
3	1610612741	1610612742	Bulls	Mavericks
3	1610612761	1610612750	Raptors	Timberwolves
3	1610612757	1610612742	Trail Blazers	Mavericks
3	1610612737	1610612742	Hawks	Mavericks
3	1610612740	1610612748	Pelicans	Heat
3	1610612755	1610612741	76ers	Bulls
3	1610612739	1610612742	Cavaliers	Mavericks
3	1610612742	1610612737	Mavericks	Hawks
3	1610612742	1610612757	Mavericks	Trail Blazers
3	1610612758	1610612750	Kings	Timberwolves
3	1610612759	1610612747	Spurs	Lakers
3	1610612748	1610612738	Heat	Celtics
3	1610612760	1610612763	Thunder	Grizzlies
3	1610612745	1610612753	Rockets	Magic
3	1610612741	1610612751	Bulls	Nets
3	1610612740	1610612756	Pelicans	Suns
3	1610612747	1610612761	Lakers	Raptors
3	1610612751	1610612766	Nets	Hornets
3	1610612762	1610612742	Jazz	Mavericks
3	1610612766	1610612761	Hornets	Raptors
3	1610612746	1610612760	Clippers	Thunder
3	1610612757	1610612747	Trail Blazers	Lakers
3	1610612753	1610612763	Magic	Grizzlies
3	1610612765	1610612753	Pistons	Magic
3	1610612760	1610612756	Thunder	Suns
3	1610612741	1610612737	Bulls	Hawks
3	1610612743	1610612741	Nuggets	Bulls
3	1610612745	1610612760	Rockets	Thunder
3	1610612742	1610612762	Mavericks	Jazz
3	1610612750	1610612761	Timberwolves	Raptors
3	1610612766	1610612765	Hornets	Pistons
3	1610612738	1610612765	Celtics	Pistons
3	1610612766	1610612742	Hornets	Mavericks
3	1610612745	1610612743	Rockets	Nuggets
3	1610612739	1610612766	Cavaliers	Hornets
3	1610612749	1610612751	Bucks	Nets
3	1610612753	1610612754	Magic	Pacers
3	1610612753	1610612765	Magic	Pistons
3	1610612759	1610612765	Spurs	Pistons
3	1610612737	1610612759	Hawks	Spurs
3	1610612750	1610612741	Timberwolves	Bulls
3	1610612737	1610612749	Hawks	Bucks
3	1610612743	1610612740	Nuggets	Pelicans
3	1610612737	1610612752	Hawks	Knicks
3	1610612752	1610612764	Knicks	Wizards
3	1610612751	1610612749	Nets	Bucks
3	1610612745	1610612748	Rockets	Heat
3	1610612742	1610612749	Mavericks	Bucks
3	1610612744	1610612761	Warriors	Raptors
3	1610612756	1610612743	Suns	Nuggets
3	1610612742	1610612753	Mavericks	Magic
3	1610612766	1610612754	Hornets	Pacers
3	1610612748	1610612739	Heat	Cavaliers
3	1610612749	1610612737	Bucks	Hawks
3	1610612741	1610612738	Bulls	Celtics
3	1610612746	1610612761	Clippers	Raptors
3	1610612753	1610612755	Magic	76ers
3	1610612746	1610612762	Clippers	Jazz
3	1610612749	1610612750	Bucks	Timberwolves
3	1610612750	1610612747	Timberwolves	Lakers
3	1610612766	1610612746	Hornets	Clippers
3	1610612740	1610612741	Pelicans	Bulls
3	1610612742	1610612741	Mavericks	Bulls
3	1610612748	1610612749	Heat	Bucks
3	1610612763	1610612753	Grizzlies	Magic
3	1610612749	1610612761	Bucks	Raptors
3	1610612750	1610612749	Timberwolves	Bucks
3	1610612739	1610612763	Cavaliers	Grizzlies
3	1610612757	1610612761	Trail Blazers	Raptors
2	1610612760	1610612749	Thunder	Bucks
2	1610612751	1610612747	Nets	Lakers
2	1610612759	1610612749	Spurs	Bucks
2	1610612740	1610612739	Pelicans	Cavaliers
2	1610612743	1610612738	Nuggets	Celtics
2	1610612751	1610612743	Nets	Nuggets
2	1610612760	1610612764	Thunder	Wizards
2	1610612743	1610612761	Nuggets	Raptors
2	1610612752	1610612754	Knicks	Pacers
2	1610612738	1610612762	Celtics	Jazz
2	1610612751	1610612757	Nets	Trail Blazers
2	1610612737	1610612750	Hawks	Timberwolves
2	1610612739	1610612760	Cavaliers	Thunder
2	1610612737	1610612762	Hawks	Jazz
2	1610612762	1610612752	Jazz	Knicks
2	1610612748	1610612747	Heat	Lakers
2	1610612762	1610612749	Jazz	Bucks
2	1610612741	1610612757	Bulls	Trail Blazers
2	1610612766	1610612757	Hornets	Trail Blazers
2	1610612747	1610612749	Lakers	Bucks
2	1610612765	1610612757	Pistons	Trail Blazers
2	1610612759	1610612741	Spurs	Bulls
2	1610612764	1610612756	Wizards	Suns
2	1610612757	1610612754	Trail Blazers	Pacers
2	1610612737	1610612744	Hawks	Warriors
2	1610612749	1610612746	Bucks	Clippers
2	1610612766	1610612750	Hornets	Timberwolves
2	1610612751	1610612762	Nets	Jazz
2	1610612760	1610612748	Thunder	Heat
2	1610612744	1610612748	Warriors	Heat
2	1610612763	1610612751	Grizzlies	Nets
2	1610612759	1610612761	Spurs	Raptors
2	1610612747	1610612748	Lakers	Heat
2	1610612754	1610612750	Pacers	Timberwolves
2	1610612762	1610612751	Jazz	Nets
2	1610612740	1610612754	Pelicans	Pacers
2	1610612757	1610612751	Trail Blazers	Nets
2	1610612744	1610612766	Warriors	Hornets
2	1610612743	1610612749	Nuggets	Bucks
2	1610612762	1610612739	Jazz	Cavaliers
2	1610612748	1610612745	Heat	Rockets
2	1610612744	1610612754	Warriors	Pacers
2	1610612740	1610612749	Pelicans	Bucks
2	1610612756	1610612754	Suns	Pacers
2	1610612747	1610612753	Lakers	Magic
2	1610612753	1610612750	Magic	Timberwolves
2	1610612737	1610612760	Hawks	Thunder
2	1610612747	1610612764	Lakers	Wizards
2	1610612761	1610612763	Raptors	Grizzlies
2	1610612751	1610612750	Nets	Timberwolves
2	1610612762	1610612758	Jazz	Kings
2	1610612766	1610612756	Hornets	Suns
2	1610612756	1610612742	Suns	Mavericks
2	1610612754	1610612755	Pacers	76ers
2	1610612757	1610612749	Trail Blazers	Bucks
2	1610612753	1610612762	Magic	Jazz
2	1610612756	1610612749	Suns	Bucks
2	1610612756	1610612737	Suns	Hawks
2	1610612752	1610612742	Knicks	Mavericks
2	1610612741	1610612762	Bulls	Jazz
2	1610612751	1610612745	Nets	Rockets
2	1610612756	1610612739	Suns	Cavaliers
2	1610612738	1610612756	Celtics	Suns
2	1610612752	1610612759	Knicks	Spurs
2	1610612741	1610612747	Bulls	Lakers
2	1610612737	1610612745	Hawks	Rockets
2	1610612758	1610612737	Kings	Hawks
2	1610612749	1610612759	Bucks	Spurs
2	1610612763	1610612764	Grizzlies	Wizards
2	1610612747	1610612752	Lakers	Knicks
2	1610612745	1610612755	Rockets	76ers
2	1610612751	1610612756	Nets	Suns
2	1610612755	1610612757	76ers	Trail Blazers
2	1610612748	1610612743	Heat	Nuggets
2	1610612759	1610612738	Spurs	Celtics
2	1610612752	1610612760	Knicks	Thunder
2	1610612742	1610612764	Mavericks	Wizards
2	1610612742	1610612751	Mavericks	Nets
2	1610612761	1610612756	Raptors	Suns
2	1610612764	1610612741	Wizards	Bulls
2	1610612737	1610612757	Hawks	Trail Blazers
2	1610612759	1610612751	Spurs	Nets
2	1610612764	1610612740	Wizards	Pelicans
2	1610612749	1610612747	Bucks	Lakers
2	1610612746	1610612754	Clippers	Pacers
2	1610612743	1610612764	Nuggets	Wizards
2	1610612746	1610612749	Clippers	Bucks
2	1610612745	1610612754	Rockets	Pacers
2	1610612763	1610612754	Grizzlies	Pacers
2	1610612763	1610612739	Grizzlies	Cavaliers
2	1610612754	1610612745	Pacers	Rockets
2	1610612758	1610612764	Kings	Wizards
2	1610612764	1610612743	Wizards	Nuggets
2	1610612751	1610612742	Nets	Mavericks
2	1610612737	1610612740	Hawks	Pelicans
2	1610612741	1610612743	Bulls	Nuggets
2	1610612739	1610612745	Cavaliers	Rockets
2	1610612747	1610612765	Lakers	Pistons
2	1610612744	1610612764	Warriors	Wizards
2	1610612740	1610612753	Pelicans	Magic
2	1610612748	1610612750	Heat	Timberwolves
2	1610612754	1610612759	Pacers	Spurs
2	1610612748	1610612746	Heat	Clippers
2	1610612744	1610612751	Warriors	Nets
2	1610612760	1610612761	Thunder	Raptors
2	1610612763	1610612755	Grizzlies	76ers
2	1610612755	1610612760	76ers	Thunder
2	1610612758	1610612763	Kings	Grizzlies
2	1610612744	1610612741	Warriors	Bulls
2	1610612753	1610612747	Magic	Lakers
2	1610612742	1610612754	Mavericks	Pacers
2	1610612765	1610612760	Pistons	Thunder
2	1610612748	1610612740	Heat	Pelicans
2	1610612757	1610612737	Trail Blazers	Hawks
2	1610612758	1610612761	Kings	Raptors
2	1610612756	1610612761	Suns	Raptors
2	1610612765	1610612747	Pistons	Lakers
2	1610612745	1610612761	Rockets	Raptors
2	1610612750	1610612752	Timberwolves	Knicks
2	1610612760	1610612753	Thunder	Magic
2	1610612763	1610612766	Grizzlies	Hornets
2	1610612762	1610612753	Jazz	Magic
2	1610612766	1610612758	Hornets	Kings
2	1610612765	1610612750	Pistons	Timberwolves
2	1610612752	1610612740	Knicks	Pelicans
2	1610612739	1610612743	Cavaliers	Nuggets
2	1610612738	1610612745	Celtics	Rockets
2	1610612754	1610612763	Pacers	Grizzlies
2	1610612738	1610612740	Celtics	Pelicans
2	1610612738	1610612747	Celtics	Lakers
2	1610612748	1610612758	Heat	Kings
2	1610612739	1610612757	Cavaliers	Trail Blazers
2	1610612765	1610612759	Pistons	Spurs
2	1610612762	1610612737	Jazz	Hawks
2	1610612745	1610612766	Rockets	Hornets
2	1610612753	1610612757	Magic	Trail Blazers
2	1610612757	1610612765	Trail Blazers	Pistons
2	1610612757	1610612738	Trail Blazers	Celtics
2	1610612760	1610612754	Thunder	Pacers
2	1610612750	1610612766	Timberwolves	Hornets
2	1610612762	1610612761	Jazz	Raptors
2	1610612762	1610612748	Jazz	Heat
2	1610612738	1610612744	Celtics	Warriors
2	1610612755	1610612756	76ers	Suns
2	1610612754	1610612764	Pacers	Wizards
2	1610612762	1610612738	Jazz	Celtics
2	1610612766	1610612747	Hornets	Lakers
2	1610612757	1610612741	Trail Blazers	Bulls
2	1610612764	1610612747	Wizards	Lakers
2	1610612746	1610612739	Clippers	Cavaliers
2	1610612762	1610612741	Jazz	Bulls
2	1610612758	1610612749	Kings	Bucks
2	1610612747	1610612755	Lakers	76ers
2	1610612760	1610612755	Thunder	76ers
2	1610612743	1610612746	Nuggets	Clippers
2	1610612742	1610612765	Mavericks	Pistons
2	1610612741	1610612759	Bulls	Spurs
2	1610612750	1610612753	Timberwolves	Magic
2	1610612756	1610612753	Suns	Magic
2	1610612755	1610612740	76ers	Pelicans
2	1610612755	1610612743	76ers	Nuggets
2	1610612745	1610612765	Rockets	Pistons
2	1610612762	1610612764	Jazz	Wizards
2	1610612753	1610612743	Magic	Nuggets
2	1610612755	1610612762	76ers	Jazz
2	1610612752	1610612758	Knicks	Kings
2	1610612738	1610612760	Celtics	Thunder
2	1610612765	1610612762	Pistons	Jazz
2	1610612765	1610612758	Pistons	Kings
2	1610612752	1610612757	Knicks	Trail Blazers
2	1610612751	1610612746	Nets	Clippers
2	1610612741	1610612745	Bulls	Rockets
2	1610612745	1610612751	Rockets	Nets
2	1610612764	1610612759	Wizards	Spurs
2	1610612749	1610612743	Bucks	Nuggets
2	1610612760	1610612737	Thunder	Hawks
2	1610612761	1610612758	Raptors	Kings
2	1610612751	1610612763	Nets	Grizzlies
2	1610612752	1610612747	Knicks	Lakers
2	1610612753	1610612756	Magic	Suns
2	1610612759	1610612754	Spurs	Pacers
2	1610612766	1610612760	Hornets	Thunder
2	1610612758	1610612753	Kings	Magic
2	1610612750	1610612764	Timberwolves	Wizards
2	1610612765	1610612742	Pistons	Mavericks
2	1610612737	1610612747	Hawks	Lakers
2	1610612751	1610612759	Nets	Spurs
2	1610612763	1610612741	Grizzlies	Bulls
2	1610612762	1610612754	Jazz	Pacers
2	1610612747	1610612766	Lakers	Hornets
2	1610612751	1610612760	Nets	Thunder
2	1610612756	1610612755	Suns	76ers
2	1610612743	1610612765	Nuggets	Pistons
2	1610612764	1610612745	Wizards	Rockets
2	1610612740	1610612765	Pelicans	Pistons
2	1610612754	1610612756	Pacers	Suns
2	1610612745	1610612741	Rockets	Bulls
2	1610612750	1610612765	Timberwolves	Pistons
2	1610612742	1610612752	Mavericks	Knicks
2	1610612751	1610612740	Nets	Pelicans
2	1610612739	1610612762	Cavaliers	Jazz
2	1610612752	1610612763	Knicks	Grizzlies
2	1610612761	1610612762	Raptors	Jazz
2	1610612754	1610612760	Pacers	Thunder
2	1610612765	1610612756	Pistons	Suns
2	1610612747	1610612740	Lakers	Pelicans
2	1610612740	1610612752	Pelicans	Knicks
2	1610612766	1610612763	Hornets	Grizzlies
2	1610612741	1610612763	Bulls	Grizzlies
2	1610612743	1610612737	Nuggets	Hawks
2	1610612756	1610612741	Suns	Bulls
2	1610612742	1610612739	Mavericks	Cavaliers
2	1610612759	1610612748	Spurs	Heat
2	1610612739	1610612758	Cavaliers	Kings
2	1610612738	1610612742	Celtics	Mavericks
2	1610612763	1610612748	Grizzlies	Heat
2	1610612750	1610612737	Timberwolves	Hawks
2	1610612748	1610612742	Heat	Mavericks
2	1610612757	1610612764	Trail Blazers	Wizards
2	1610612759	1610612737	Spurs	Hawks
2	1610612737	1610612743	Hawks	Nuggets
2	1610612743	1610612739	Nuggets	Cavaliers
2	1610612753	1610612744	Magic	Warriors
2	1610612763	1610612752	Grizzlies	Knicks
2	1610612744	1610612755	Warriors	76ers
2	1610612761	1610612760	Raptors	Thunder
2	1610612746	1610612759	Clippers	Spurs
2	1610612766	1610612740	Hornets	Pelicans
2	1610612757	1610612766	Trail Blazers	Hornets
2	1610612763	1610612749	Grizzlies	Bucks
2	1610612745	1610612752	Rockets	Knicks
2	1610612764	1610612762	Wizards	Jazz
2	1610612764	1610612746	Wizards	Clippers
2	1610612744	1610612765	Warriors	Pistons
2	1610612766	1610612743	Hornets	Nuggets
2	1610612761	1610612747	Raptors	Lakers
2	1610612740	1610612738	Pelicans	Celtics
2	1610612758	1610612755	Kings	76ers
2	1610612765	1610612745	Pistons	Rockets
2	1610612744	1610612752	Warriors	Knicks
2	1610612750	1610612748	Timberwolves	Heat
2	1610612756	1610612738	Suns	Celtics
2	1610612757	1610612739	Trail Blazers	Cavaliers
2	1610612766	1610612744	Hornets	Warriors
2	1610612764	1610612763	Wizards	Grizzlies
2	1610612743	1610612748	Nuggets	Heat
2	1610612752	1610612756	Knicks	Suns
2	1610612765	1610612746	Pistons	Clippers
2	1610612758	1610612751	Kings	Nets
2	1610612753	1610612745	Magic	Rockets
2	1610612749	1610612758	Bucks	Kings
2	1610612747	1610612751	Lakers	Nets
2	1610612749	1610612742	Bucks	Mavericks
2	1610612756	1610612765	Suns	Pistons
2	1610612754	1610612744	Pacers	Warriors
2	1610612743	1610612754	Nuggets	Pacers
2	1610612761	1610612740	Raptors	Pelicans
2	1610612738	1610612757	Celtics	Trail Blazers
2	1610612741	1610612750	Bulls	Timberwolves
2	1610612754	1610612742	Pacers	Mavericks
2	1610612758	1610612738	Kings	Celtics
2	1610612754	1610612747	Pacers	Lakers
2	1610612749	1610612762	Bucks	Jazz
2	1610612765	1610612763	Pistons	Grizzlies
2	1610612740	1610612751	Pelicans	Nets
2	1610612755	1610612747	76ers	Lakers
2	1610612755	1610612759	76ers	Spurs
2	1610612747	1610612741	Lakers	Bulls
2	1610612765	1610612752	Pistons	Knicks
2	1610612764	1610612742	Wizards	Mavericks
2	1610612739	1610612747	Cavaliers	Lakers
2	1610612756	1610612748	Suns	Heat
2	1610612750	1610612739	Timberwolves	Cavaliers
2	1610612738	1610612750	Celtics	Timberwolves
2	1610612762	1610612755	Jazz	76ers
2	1610612766	1610612759	Hornets	Spurs
2	1610612745	1610612749	Rockets	Bucks
2	1610612760	1610612765	Thunder	Pistons
2	1610612761	1610612759	Raptors	Spurs
2	1610612756	1610612752	Suns	Knicks
2	1610612746	1610612741	Clippers	Bulls
2	1610612755	1610612742	76ers	Mavericks
2	1610612738	1610612759	Celtics	Spurs
2	1610612745	1610612739	Rockets	Cavaliers
2	1610612758	1610612739	Kings	Cavaliers
2	1610612758	1610612752	Kings	Knicks
2	1610612744	1610612738	Warriors	Celtics
2	1610612750	1610612755	Timberwolves	76ers
2	1610612749	1610612744	Bucks	Warriors
2	1610612764	1610612751	Wizards	Nets
2	1610612746	1610612755	Clippers	76ers
2	1610612759	1610612752	Spurs	Knicks
2	1610612749	1610612756	Bucks	Suns
2	1610612744	1610612749	Warriors	Bucks
2	1610612745	1610612738	Rockets	Celtics
2	1610612742	1610612766	Mavericks	Hornets
2	1610612748	1610612762	Heat	Jazz
2	1610612754	1610612743	Pacers	Nuggets
2	1610612764	1610612758	Wizards	Kings
2	1610612758	1610612748	Kings	Heat
2	1610612738	1610612758	Celtics	Kings
2	1610612746	1610612753	Clippers	Magic
2	1610612755	1610612744	76ers	Warriors
2	1610612741	1610612760	Bulls	Thunder
2	1610612762	1610612765	Jazz	Pistons
2	1610612742	1610612755	Mavericks	76ers
2	1610612751	1610612758	Nets	Kings
2	1610612761	1610612744	Raptors	Warriors
2	1610612745	1610612737	Rockets	Hawks
2	1610612741	1610612746	Bulls	Clippers
2	1610612759	1610612766	Spurs	Hornets
2	1610612740	1610612764	Pelicans	Wizards
2	1610612753	1610612758	Magic	Kings
2	1610612744	1610612753	Warriors	Magic
2	1610612747	1610612739	Lakers	Cavaliers
2	1610612765	1610612743	Pistons	Nuggets
2	1610612743	1610612752	Nuggets	Knicks
2	1610612763	1610612765	Grizzlies	Pistons
2	1610612742	1610612748	Mavericks	Heat
2	1610612750	1610612751	Timberwolves	Nets
2	1610612739	1610612740	Cavaliers	Pelicans
2	1610612763	1610612761	Grizzlies	Raptors
2	1610612749	1610612763	Bucks	Grizzlies
2	1610612751	1610612744	Nets	Warriors
2	1610612741	1610612756	Bulls	Suns
2	1610612737	1610612756	Hawks	Suns
2	1610612752	1610612744	Knicks	Warriors
2	1610612761	1610612742	Raptors	Mavericks
2	1610612741	1610612758	Bulls	Kings
2	1610612758	1610612754	Kings	Pacers
2	1610612739	1610612750	Cavaliers	Timberwolves
2	1610612761	1610612757	Raptors	Trail Blazers
2	1610612763	1610612738	Grizzlies	Celtics
2	1610612748	1610612763	Heat	Grizzlies
2	1610612752	1610612762	Knicks	Jazz
2	1610612764	1610612750	Wizards	Timberwolves
2	1610612743	1610612755	Nuggets	76ers
2	1610612741	1610612744	Bulls	Warriors
2	1610612760	1610612739	Thunder	Cavaliers
2	1610612738	1610612743	Celtics	Nuggets
2	1610612759	1610612755	Spurs	76ers
2	1610612737	1610612758	Hawks	Kings
2	1610612747	1610612754	Lakers	Pacers
2	1610612750	1610612754	Timberwolves	Pacers
2	1610612761	1610612743	Raptors	Nuggets
2	1610612760	1610612751	Thunder	Nets
2	1610612762	1610612766	Jazz	Hornets
2	1610612746	1610612765	Clippers	Pistons
2	1610612746	1610612752	Clippers	Knicks
2	1610612756	1610612751	Suns	Nets
2	1610612744	1610612737	Warriors	Hawks
2	1610612755	1610612745	76ers	Rockets
2	1610612742	1610612761	Mavericks	Raptors
2	1610612757	1610612752	Trail Blazers	Knicks
2	1610612743	1610612753	Nuggets	Magic
2	1610612760	1610612766	Thunder	Hornets
2	1610612755	1610612750	76ers	Timberwolves
2	1610612743	1610612766	Nuggets	Hornets
2	1610612748	1610612744	Heat	Warriors
2	1610612754	1610612757	Pacers	Trail Blazers
2	1610612760	1610612741	Thunder	Bulls
2	1610612754	1610612758	Pacers	Kings
2	1610612748	1610612757	Heat	Trail Blazers
2	1610612759	1610612739	Spurs	Cavaliers
2	1610612758	1610612741	Kings	Bulls
2	1610612737	1610612746	Hawks	Clippers
2	1610612739	1610612759	Cavaliers	Spurs
2	1610612749	1610612760	Bucks	Thunder
2	1610612739	1610612746	Cavaliers	Clippers
2	1610612756	1610612764	Suns	Wizards
2	1610612752	1610612743	Knicks	Nuggets
2	1610612753	1610612759	Magic	Spurs
2	1610612764	1610612744	Wizards	Warriors
2	1610612738	1610612746	Celtics	Clippers
2	1610612765	1610612740	Pistons	Pelicans
2	1610612754	1610612746	Pacers	Clippers
2	1610612740	1610612761	Pelicans	Raptors
2	1610612749	1610612757	Bucks	Trail Blazers
2	1610612746	1610612737	Clippers	Hawks
2	1610612761	1610612753	Raptors	Magic
2	1610612753	1610612746	Magic	Clippers
2	1610612743	1610612751	Nuggets	Nets
2	1610612758	1610612766	Kings	Hornets
2	1610612754	1610612762	Pacers	Jazz
2	1610612761	1610612745	Raptors	Rockets
2	1610612766	1610612762	Hornets	Jazz
2	1610612765	1610612744	Pistons	Warriors
2	1610612755	1610612746	76ers	Clippers
2	1610612742	1610612738	Mavericks	Celtics
2	1610612746	1610612738	Clippers	Celtics
2	1610612758	1610612765	Kings	Pistons
2	1610612740	1610612755	Pelicans	76ers
2	1610612757	1610612748	Trail Blazers	Heat
2	1610612764	1610612760	Wizards	Thunder
2	1610612749	1610612740	Bucks	Pelicans
2	1610612749	1610612745	Bucks	Rockets
2	1610612752	1610612746	Knicks	Clippers
2	1610612745	1610612764	Rockets	Wizards
2	1610612757	1610612755	Trail Blazers	76ers
2	1610612752	1610612750	Knicks	Timberwolves
2	1610612766	1610612745	Hornets	Rockets
2	1610612748	1610612760	Heat	Thunder
2	1610612739	1610612756	Cavaliers	Suns
2	1610612750	1610612738	Timberwolves	Celtics
2	1610612756	1610612766	Suns	Hornets
2	1610612746	1610612751	Clippers	Nets
2	1610612755	1610612758	76ers	Kings
2	1610612753	1610612760	Magic	Thunder
2	1610612757	1610612753	Trail Blazers	Magic
2	1610612759	1610612764	Spurs	Wizards
2	1610612738	1610612763	Celtics	Grizzlies
2	1610612747	1610612738	Lakers	Celtics
2	1610612740	1610612766	Pelicans	Hornets
2	1610612760	1610612752	Thunder	Knicks
2	1610612747	1610612737	Lakers	Hawks
2	1610612760	1610612738	Thunder	Celtics
2	1610612748	1610612756	Heat	Suns
2	1610612746	1610612764	Clippers	Wizards
2	1610612763	1610612737	Grizzlies	Hawks
2	1610612764	1610612757	Wizards	Trail Blazers
2	1610612746	1610612748	Clippers	Heat